title,price,image,rating,reviews,url,colours,colour,sizes,size,images,stock_info,timestamp
"ToYBULK Teddy Bear, Teddy Bear 5 feet for Girls, Teddy Bear for Girls, Teddy Bear 5 feet, Teddy Bear for Girls 5 feet, Teddy Bear for Girls 5 feet (5 Feet, Brown)","₹1,649.99",https://m.media-amazon.com/images/I/81n+8OBiWHL._SL1500_.jpg,4.2 ,704,https://www.amazon.in/sspa/click?ie=UTF8&spc=MToxNTY4MTI1NTY1ODc2NjI5OjE3MjQ0MTEyMDc6c3BfYXRmOjMwMDE3ODc5NzkxODMzMjo6MDo6&url=%2FToYBULK-Giant-Brown-Teddy-5-Feet%2Fdp%2FB07R78J4JK%2Fref%3Dsr_1_1_sspa%3Fdib%3DeyJ2IjoiMSJ9.WUcBD7wDuR_pP3RJalGKlV4t4yzH6iB0OvtpHq2uhOUac-VQWsDnFsQIdvmEACSQLgae4Qo8Y3VdlTM7hKCGQ7GprJFbCK-3lRsBZNnUkYI5X1QWzivsRBvQtlucw3oWBroB2KRLEzx6ybNZGWOlY_soRw-k5CakWqXZ3Nn-wSpWPFLhCzUlU4aHm7lubqLPOYSyt2pvQeGSnaIVY_uLCER6xxsCVv3a8f8KFMEFj62RwkwSrBHXFO02IElGcKyQ_ZuOBNLV0Vfe41bk3GA3IFxBtENi0n88nNV3qPnp6mA.iiPpcRFS8JmLXdv7YMIMOz390WSSFDL0Wmm1YovaO20%26dib_tag%3Dse%26keywords%3Dteddy%2Bbear%26qid%3D1724411207%26refinements%3Dp_72%253A1318476031%26sr%3D8-1-spons%26sp_csd%3Dd2lkZ2V0TmFtZT1zcF9hdGY%26psc%3D1,Beige ~|~ Black ~|~ Brown ~|~ Chocolate ~|~ Green ~|~ Panda ~|~ Pink ~|~ Purple ~|~ Red ~|~ Sky-Blue ~|~ SkyBlue ~|~ Yellow,Brown,3 Feet ~|~ 4 Feet ~|~ 4 Feet Cap ~|~ 5 Feet ~|~ 6 Feet ~|~ 6.5 Feet ~|~ 7 Feet,0,"['https://m.media-amazon.com/images/I/510TqKTaUiL._SL1500_.jpg', 'https://m.media-amazon.com/images/I/51V4HLCYKBL._SL1500_.jpg', 'https://m.media-amazon.com/images/I/418c3Z90hXL._SL1500_.jpg', 'https://m.media-amazon.com/images/I/51MzF6mvy3L._SL1500_.jpg', 'https://m.media-amazon.com/images/I/61RgcWQlzAL._SL1500_.jpg', 'https://m.media-amazon.com/images/I/41astagxreL._SL1500_.jpg', 'https://m.media-amazon.com/images/I/51nVICWUNGL._SL1500_.jpg']",In stock,2024-08-23T11:07:25Z
"HUG 'n' FEEL SOFT TOYS Rainbow Soft toy Lovable Huggable Cute Teddy Bear Plush toy Grandparents Best for Diwali, Baby Shower, Birthday, Raksha Bandhan, Housewarming (30cm multicolor)",₹284.00,https://m.media-amazon.com/images/I/51Hhfge4F3L._SX300_SY300_QL70_FMwebp_.jpg,4.1 ,28521,https://www.amazon.in/HUG-FEEL-SOFT-TOYS-Grandparents/dp/B0D47N32ZG?th=1,2 feet panda ~|~ 3 feet (Cream Teddy) ~|~ 3 feet panda ~|~ 30cm_new_unicorn ~|~ 5 feet panda ~|~ 6 feet panda ~|~ Avocado Pillow ~|~ BROWN ~|~ Blue ~|~ Brown ~|~ Coffee ~|~ Cream ~|~ Flying Unicorn ~|~ Panda Pillow ~|~ Pink ~|~ Purple ~|~ Rainbow ~|~ Red ~|~ Yellow ~|~ white,Rainbow,2 Feet ~|~ 2 feet Teddy ~|~ 3 Feet ~|~ 3 Feet Teddy ~|~ 4 Feet ~|~ 5 Feet ~|~ 6 Feet ~|~ 18CM ~|~ 30 cm Soft Toys ~|~ 30 cm Unicorn ~|~ 30CM ~|~ 30cm ~|~ 30 x 25 x 50 Centimeters ~|~ 75 cm UNICORN ~|~ 100 cm ~|~ HEAD PILLOW ~|~ Panda,0,"['https://m.media-amazon.com/images/I/51Hhfge4F3L._SL1500_.jpg', 'https://m.media-amazon.com/images/I/5163Zixe2wL._SL1500_.jpg', 'https://m.media-amazon.com/images/I/51-uq+U1wVL._SL1500_.jpg', 'https://m.media-amazon.com/images/I/51AkqxZJf1L._SL1500_.jpg', 'https://m.media-amazon.com/images/I/51x7eB1K8PL._SL1500_.jpg']",In stock,2024-08-23T11:07:25Z
Babique Penguin Plush Soft Toy Cute Kids Animal Home Decor Boys/Girls 28 cm (Black),₹179.00,https://m.media-amazon.com/images/I/518GrVDJJqL._SL1001_.jpg,4.2 ,790,https://www.amazon.in/Babique-Penguin-Stuffed-Plush-Birthday/dp/B08LTG4LN2?th=1,Penguin Black,Penguin Black,28 Cm,0,"['https://m.media-amazon.com/images/I/41NalzOui8L._SL1500_.jpg', 'https://m.media-amazon.com/images/I/51h3yMKcZBL._SL1500_.jpg', 'https://m.media-amazon.com/images/I/31Ld6qXGT1L._SL1500_.jpg']",In stock,2024-08-23T11:07:43Z
Mirada Stuffed Plush Animal Cute Pineapple Sitting Ribbon Teddy Bear Soft Toy - 32cm,₹539.00,https://m.media-amazon.com/images/I/81vYJulSzYL._SL1500_.jpg,4.1 ,6,https://www.amazon.in/Mirada-Cuddly-Plush-Sitting-Teddy/dp/B08K4QRKQP?th=1,,,,0,"['https://m.media-amazon.com/images/I/41P4H5o74sL._SL1500_.jpg', 'https://m.media-amazon.com/images/I/41POsN4iSJL._SL1500_.jpg', 'https://m.media-amazon.com/images/I/41Ad1g9rhfL._SL1500_.jpg', 'https://m.media-amazon.com/images/I/317XjkrJAML._SL1500_.jpg', 'https://m.media-amazon.com/images/I/41CJWovC6rL._SL1500_.jpg']",Only 1 left ,2024-08-23T11:07:57Z
"HUG 'n' FEEL SOFT TOYS 4 Feet Cream Giant Teddy Bear Soft, Plush, And Cuddly Stuffed Animal For Kids, Birthdays, Anniversaries, Valentine's Day, And Special Occasions Large Huggable","₹1,199.00",https://m.media-amazon.com/images/I/61-gmZCpffL._SL1500_.jpg,4.1 ,28521,https://www.amazon.in/Birthdays-Anniversaries-Valentines-Occasions-Huggable/dp/B07CXK7HHZ?th=1,2 feet panda ~|~ 3 feet (Cream Teddy) ~|~ 3 feet panda ~|~ 30cm_new_unicorn ~|~ 5 feet panda ~|~ 6 feet panda ~|~ Avocado Pillow ~|~ BROWN ~|~ Blue ~|~ Brown ~|~ Coffee ~|~ Cream ~|~ Flying Unicorn ~|~ Panda Pillow ~|~ Pink ~|~ Purple ~|~ Rainbow ~|~ Red ~|~ Yellow ~|~ white,Cream,2 Feet ~|~ 2 feet Teddy ~|~ 3 Feet ~|~ 3 Feet Teddy ~|~ 4 Feet ~|~ 5 Feet ~|~ 6 Feet ~|~ 18CM ~|~ 30 cm Soft Toys ~|~ 30 cm Unicorn ~|~ 30CM ~|~ 30cm ~|~ 30 x 25 x 50 Centimeters ~|~ 75 cm UNICORN ~|~ 100 cm ~|~ HEAD PILLOW ~|~ Panda,0,"['https://m.media-amazon.com/images/I/41PK7auI5BL._SL1500_.jpg', 'https://m.media-amazon.com/images/I/51z++rRTpUL._SL1500_.jpg', 'https://m.media-amazon.com/images/I/41joO1uP39L._SL1500_.jpg', 'https://m.media-amazon.com/images/I/41eCZpm4YQL._SL1500_.jpg', 'https://m.media-amazon.com/images/I/41mckJuPz+L._SL1500_.jpg', 'https://m.media-amazon.com/images/I/51H8MdrDQjL._SL1500_.jpg', 'https://m.media-amazon.com/images/I/41h2ACfeO9L._SL1500_.jpg']",In stock,2024-08-23T11:08:24Z
"ToYBULK Teddy Bear, Teddy Bear 5 feet for Girls, Teddy Bear for Girls, Teddy Bear 5 feet, Teddy Bear for Girls 5 feet, Teddy Bear for Girls 5 feet (5 Feet, Brown)","₹1,649.99",https://m.media-amazon.com/images/I/81n+8OBiWHL._SL1500_.jpg,4.2 ,704,https://www.amazon.in/sspa/click?ie=UTF8&spc=MTo3NDUzNTU5OTkxMDM2Mzk0OjE3MjQ0MTEyNzY6c3BfYXRmX25leHQ6MzAwMTc4Nzk3OTE4MzMyOjowOjo&url=%2FToYBULK-Giant-Brown-Teddy-5-Feet%2Fdp%2FB07R78J4JK%2Fref%3Dsr_1_145_sspa%3Fdib%3DeyJ2IjoiMSJ9.xgAxna4oMaYs6-8JDo3xHDy7RGVGKmS06QL4b2Fpv94gtT_JWwOlwksKGXDrAsWNsaoWPZ7yW55Mwg-hZVvcyyDBpYOQ67NopPEFR-9D1qfWAvlCV9ICk4ikCDWN4GrkUfxvfObvSgGNCKreFD3I6WOy9sEXt-kVf_jN_lXT5PEnVac9voBG26OqGClbikTEOMG4_ftd8CNWsOET4AIJ5hvcBi-Kvi5ihVNaAoD9V3grmVzy7m-blaZaKGiU2WGajEmphAaSUQXlJStPEBl3XNHZ-JLSa2ZoPeArc6Gpp-A.8OCHs1nc4CbttxJBgStAM4XzAMhViqnlLbLbNDlpvt8%26dib_tag%3Dse%26keywords%3Dteddy%2Bbear%26qid%3D1724411276%26refinements%3Dp_72%253A1318476031%26sr%3D8-145-spons%26sp_csd%3Dd2lkZ2V0TmFtZT1zcF9hdGZfbmV4dA%26psc%3D1,Beige ~|~ Black ~|~ Brown ~|~ Chocolate ~|~ Green ~|~ Panda ~|~ Pink ~|~ Purple ~|~ Red ~|~ Sky-Blue ~|~ SkyBlue ~|~ Yellow,Brown,3 Feet ~|~ 4 Feet ~|~ 4 Feet Cap ~|~ 5 Feet ~|~ 6 Feet ~|~ 6.5 Feet ~|~ 7 Feet,0,"['https://m.media-amazon.com/images/I/510TqKTaUiL._SL1500_.jpg', 'https://m.media-amazon.com/images/I/51V4HLCYKBL._SL1500_.jpg', 'https://m.media-amazon.com/images/I/418c3Z90hXL._SL1500_.jpg', 'https://m.media-amazon.com/images/I/51MzF6mvy3L._SL1500_.jpg', 'https://m.media-amazon.com/images/I/61RgcWQlzAL._SL1500_.jpg', 'https://m.media-amazon.com/images/I/41astagxreL._SL1500_.jpg', 'https://m.media-amazon.com/images/I/51nVICWUNGL._SL1500_.jpg']",In stock,2024-08-23T11:08:27Z
CLICK4DEAL for Kids for Birthday Gift | Teddy Bear | Stuffed Plush Toys | Hypoallergenic | Bpa Free | Children Friendly chimmi(Size 30 cm| Color Yellow),₹499.00,https://m.media-amazon.com/images/I/41RvfmPTyxL._SX300_SY300_QL70_FMwebp_.jpg,4.1 ,4,https://www.amazon.in/CLICK4DEAL-Birthday-Hypoallergenic-Children-Friendly/dp/B0CW1NYRB4?th=1,Black ~|~ Blue ~|~ Brown ~|~ Green ~|~ Grey ~|~ Multicolor ~|~ Pink ~|~ Pink;Blue;Red ~|~ Red ~|~ Solid 1 Grey ~|~ Solid 10 Yellow ~|~ Solid 12 Multi color ~|~ Solid 13 Blue ~|~ Solid 14 Brown ~|~ Solid 16 Multi color ~|~ Solid 17 Multi color ~|~ Solid 18 Multi color ~|~ Solid 19 Multi color ~|~ Solid 2 Multi color ~|~ Solid 21 Multi color ~|~ Solid 22 Multi color ~|~ Solid 23 Multi color ~|~ Solid 24 Multi color ~|~ Solid 26 Multi color ~|~ Solid 27 Multi color ~|~ Solid 4 Pink ~|~ Solid 5 Multi color ~|~ Solid 7 Multi color ~|~ Solid 8 White ~|~ Solid 9 Grey ~|~ Solid Multi color ~|~ White ~|~ Yellow,Solid 22 Multi color,6cm ~|~ 18cm ~|~ 22cm ~|~ 25cm ~|~ 30cm ~|~ 32cm ~|~ 35cm ~|~ 40cm ~|~ 45cm ~|~ 50cm ~|~ 52 cm ~|~ 52cm ~|~ 55cm ~|~ 60cm ~|~ 65cm,0,"['https://m.media-amazon.com/images/I/41RvfmPTyxL._SL1500_.jpg', 'https://m.media-amazon.com/images/I/41RvfmPTyxL._SL1500_.jpg', 'https://m.media-amazon.com/images/I/31OeI8iODbL._SL1500_.jpg', 'https://m.media-amazon.com/images/I/31I0hnRPJmL._SL1500_.jpg']",In stock,2024-08-23T11:09:11Z
HUG 'n' FEEL SOFT TOYS Big Teddy Bear Wearing Happy Birthday with Your Name T-Shirt 5 feet Pink_T Shirt_Happy Birthday with Your Name Plush & Stuffed Toys,"₹1,962.00",https://m.media-amazon.com/images/I/61EtFl4HyVL._SL1280_.jpg,4.1 ,79,https://www.amazon.in/HUG-FEEL-SOFT-TOYS-Shirt_Happy/dp/B08BP9VKJC?th=1,Blue ~|~ Brown ~|~ Brown; Pink; Purple ~|~ Chocolate&Brown ~|~ Cream ~|~ Pink ~|~ Purple ~|~ Red ~|~ White ~|~ White&black ~|~ Yellow,Pink,3 Feet ~|~ 4 Feet ~|~ 5 Feet ~|~ 6 Feet,0,"['https://m.media-amazon.com/images/I/41FmmYwVW0L._SL1500_.jpg', 'https://m.media-amazon.com/images/I/41a-0e2AEUL._SL1500_.jpg', 'https://m.media-amazon.com/images/I/51nC68cpM6L._SL1500_.jpg', 'https://m.media-amazon.com/images/I/51DZQMNah0L._SL1500_.jpg']",In stock,2024-08-23T11:09:53Z
"Panda's Box Mantra Chanting Baby Ganesha (28 CM) | Musical Soft Plush Toy | Best Gift for Infants, Toddlers & Babies",₹988.00,https://m.media-amazon.com/images/I/51FH6vkEJ2L._SX300_SY300_QL70_FMwebp_.jpg,4.5 ,263,https://www.amazon.in/Pandas-Box-Chanting-Musical-Ganesha/dp/B09VDD22XD?th=1,,,,0,"['https://m.media-amazon.com/images/I/51FH6vkEJ2L._SL1500_.jpg', 'https://m.media-amazon.com/images/I/61AQl8Dyy4L._SL1500_.jpg', 'https://m.media-amazon.com/images/I/61sbLDTtBgL._SL1500_.jpg', 'https://m.media-amazon.com/images/I/51RPpZGJOpL._SL1500_.jpg', 'https://m.media-amazon.com/images/I/41OpSZiet4L._SL1500_.jpg', 'https://m.media-amazon.com/images/I/51dfPF7IOfL._SL1500_.jpg', 'https://m.media-amazon.com/images/I/41cOSD+59YL._SL1500_.jpg']",In stock,2024-08-23T11:09:57Z
"ToYBULK Teddy Bear, Teddy Bear 6 Feet for Girls, Soft Toys for Girls, Big Teddy Bear, Toys for Girls, Birthday Gift for Girls/Wife/Girlfriend/Husband, (6 Feet, Red)","₹2,250.00",https://m.media-amazon.com/images/I/811yronDHjL._SL1500_.jpg,4.2 ,704,https://www.amazon.in/ToYBULK-Giant-Teddy-Bears-6-Feet/dp/B07R68SC68?th=1,Beige ~|~ Black ~|~ Brown ~|~ Chocolate ~|~ Green ~|~ Panda ~|~ Pink ~|~ Purple ~|~ Red ~|~ Sky-Blue ~|~ SkyBlue ~|~ Yellow,Red,3 Feet ~|~ 4 Feet ~|~ 4 Feet Cap ~|~ 5 Feet ~|~ 6 Feet ~|~ 6.5 Feet ~|~ 7 Feet,0,"['https://m.media-amazon.com/images/I/51FgyBmhJZL._SL1500_.jpg', 'https://m.media-amazon.com/images/I/6192QtNah1L._SL1500_.jpg', 'https://m.media-amazon.com/images/I/51QcDBTzAkL._SL1500_.jpg', 'https://m.media-amazon.com/images/I/41zymnbNO8L._SL1500_.jpg', 'https://m.media-amazon.com/images/I/61sfEgTSdgL._SL1500_.jpg', 'https://m.media-amazon.com/images/I/41astagxreL._SL1500_.jpg', 'https://m.media-amazon.com/images/I/417MiQA83zL._SL1500_.jpg']",In stock,2024-08-23T11:10:01Z
HUG 'n' FEEL SOFT TOYS Teddy Bear 4 Feet Soft Toy | Birthday Gift for Girls Plush & Stuffed Toys,"₹1,099.00",https://m.media-amazon.com/images/I/71oclfTIx3L._SL1500_.jpg,4.0 ,459,https://www.amazon.in/HUG-FEEL-SOFT-TOYS-Boyfriend/dp/B0813P1ZHN?th=1,Beige ~|~ Blue ~|~ Brown ~|~ Grey ~|~ Multicolor ~|~ Pink ~|~ Purple ~|~ Rani pink;Red ~|~ Red ~|~ Turtle ~|~ White ~|~ Yellow,Brown,18 cm ~|~ 18cm ~|~ 25cm ~|~ 35cm ~|~ 40 cm ~|~ 40cm ~|~ 45cm ~|~ 52cm ~|~ 55 cm ~|~ 60cm ~|~ 65 cm ~|~ 91cm ~|~ 100 cm ~|~ 110 cm ~|~ 121cm ~|~ 182cm ~|~ New soft toy,0,"['https://m.media-amazon.com/images/I/41CM2Q39uZL._SL1500_.jpg', 'https://m.media-amazon.com/images/I/41CM2Q39uZL._SL1500_.jpg', 'https://m.media-amazon.com/images/I/41bwxptMp1L._SL1500_.jpg', 'https://m.media-amazon.com/images/I/41N8NJw83EL._SL1500_.jpg', 'https://m.media-amazon.com/images/I/51DZQMNah0L._SL1500_.jpg']",In stock,2024-08-23T11:10:02Z
Tickles Adroable Lying Dog with Baby Stuffed Soft Plush Animal Toy for Kids Baby Boys & Girls Birthday Gifts (Size: 20 cm Color: Brown),₹399.00,https://m.media-amazon.com/images/I/61Zbe+FTeHL._SL1264_.jpg,4.0 ,678,https://www.amazon.in/Tickles-Brown-Baby-Stuffed-Plush/dp/B01MR9173Y?th=1,Brown Dog ~|~ Dog with Baby ~|~ White & Brown With Muffler ~|~ White Dog,Dog with Baby,28 cm ~|~ 35 cm ~|~ 48 cm ~|~ 20 cm ~|~ 40 cm ~|~ 45 cm,0,"['https://m.media-amazon.com/images/I/41OSoJvEY4L._SL1500_.jpg', 'https://m.media-amazon.com/images/I/41vTTavb3TL._SL1500_.jpg', 'https://m.media-amazon.com/images/I/410M0HLh4IL._SL1500_.jpg', 'https://m.media-amazon.com/images/I/41bSqm4qaSL._SL1500_.jpg', 'https://m.media-amazon.com/images/I/41ExpnLP3VL._SL1500_.jpg']",Only 1 left ,2024-08-23T11:10:16Z
"ToYBULK Teddy Bear, Teddy Bear 6 Feet for Girls, Soft Toys for Girls, Big Teddy Bear, Toys for Girls, Birthday Gift for Girls/Wife/Girlfriend/Husband, (6 Feet, Pink)","₹2,250.00",https://m.media-amazon.com/images/I/71hX9T1NnnL._SL1500_.jpg,4.2 ,704,https://www.amazon.in/ToYBULK-Giant-Teddy-Bears-6-Feet/dp/B07R5B5RHV?th=1,Beige ~|~ Black ~|~ Brown ~|~ Chocolate ~|~ Green ~|~ Panda ~|~ Pink ~|~ Purple ~|~ Red ~|~ Sky-Blue ~|~ SkyBlue ~|~ Yellow,Pink,3 Feet ~|~ 4 Feet ~|~ 4 Feet Cap ~|~ 5 Feet ~|~ 6 Feet ~|~ 6.5 Feet ~|~ 7 Feet,0,"['https://m.media-amazon.com/images/I/41ayuLUOQTL._SL1500_.jpg', 'https://m.media-amazon.com/images/I/31MTQMErX2L._SL1500_.jpg', 'https://m.media-amazon.com/images/I/41suksHSyeL._SL1500_.jpg', 'https://m.media-amazon.com/images/I/41nEMrg5gmL._SL1500_.jpg', 'https://m.media-amazon.com/images/I/51DnMk0KDES._SL1500_.jpg', 'https://m.media-amazon.com/images/I/51861fhQuCL._SL1500_.jpg']",In stock,2024-08-23T11:10:16Z
"HUG 'n' FEEL SOFT TOYS Soft Toys Long Soft Lovable hugable Cute Giant Life Size Teddy Figure Bear Plush & Stuffed Toys (Head Pillow, Panda) Lovely Teddy Figure",₹384.00,https://m.media-amazon.com/images/I/61GXlLPtZpL._SL1200_.jpg,4.1 ,57,https://www.amazon.in/HUG-FEEL-SOFT-TOYS-Lovable/dp/B09BL8L2ZX?th=1,Black ~|~ Blue ~|~ Brown ~|~ Chocolate ~|~ Cream ~|~ Grey ~|~ Multicolor ~|~ Orange ~|~ Panda ~|~ Pink ~|~ Pink;Blue ~|~ Pink;purple ~|~ Purple ~|~ Red ~|~ White ~|~ White;Purple ~|~ Yellow,White,2 feet ~|~ 3 feet ~|~ 4 feet ~|~ 4feetpink27JULY2021 ~|~ 5 feet ~|~ 6 feet ~|~ 7 feet ~|~ Blue Unicorn 32cm ~|~ Pink Unicorn 32cm ~|~ Yellow unicorn 32cm ~|~ Pink Unicorn 100CM ~|~ White Unicorn 100cm ~|~ small monkey_01 ~|~ Small Panda ~|~ Among us_rani pink_red002 ~|~ Among us_sea green_blue002 ~|~ Among us_yellow_orange002 ~|~ BLACK PENGIUN ~|~ BLUE PENGIUN ~|~ BROWEN DOG ~|~ Cool Shade ~|~ ELEPHANT WITH MONKEY ~|~ Elephant Baby ~|~ KANGAROO ~|~ KOALA ~|~ Kissing ~|~ MONKEY ~|~ PANDA ~|~ SHINCHAN ~|~ SMILEY ~|~ TEDDY ~|~ Unicorn ~|~ WHITE DOG ~|~ eye Heart ~|~ octopus ~|~ panda,0,"['https://m.media-amazon.com/images/I/41qJfhY3mHL._SL1500_.jpg', 'https://m.media-amazon.com/images/I/51eW81ZrBML._SL1500_.jpg', 'https://m.media-amazon.com/images/I/5199ckKOBNL._SL1500_.jpg', 'https://m.media-amazon.com/images/I/51dbOnqdxHL._SL1500_.jpg', 'https://m.media-amazon.com/images/I/51CJM3z41RL._SL1500_.jpg', 'https://m.media-amazon.com/images/I/51DZQMNah0L._SL1500_.jpg']",In stock,2024-08-23T11:10:36Z
"ToYBULK Teddy Bear, Teddy Bear 6 Feet for Girls, Soft Toys for Girls, Big Teddy Bear, Toys for Girls/Wife/Girlfriend/Husband, (6 Feet, SkyBlue)","₹2,250.00",https://m.media-amazon.com/images/I/71rGzkOKs+L._SL1280_.jpg,4.2 ,704,https://www.amazon.in/ToYBULK-Giant-Teddy-Bears-6-5-Feet/dp/B07B3RMQFF?th=1,Beige ~|~ Black ~|~ Brown ~|~ Chocolate ~|~ Green ~|~ Panda ~|~ Pink ~|~ Purple ~|~ Red ~|~ Sky-Blue ~|~ SkyBlue ~|~ Yellow,SkyBlue,3 Feet ~|~ 4 Feet ~|~ 4 Feet Cap ~|~ 5 Feet ~|~ 6 Feet ~|~ 6.5 Feet ~|~ 7 Feet,0,"['https://m.media-amazon.com/images/I/514XamnzLWL._SL1500_.jpg', 'https://m.media-amazon.com/images/I/51TxFswvlrL._SL1500_.jpg', 'https://m.media-amazon.com/images/I/51Mpdfi6VbL._SL1500_.jpg', 'https://m.media-amazon.com/images/I/51ieyPOQP2L._SL1500_.jpg']",In stock,2024-08-23T11:10:36Z
"KEKEMI Non-Toxic Hugable Cute Stuff Teddy Bear Soft Toys for Kids/Gift, Size 7 Inches (Pack of 2)",₹479.00,https://m.media-amazon.com/images/I/61qtihap0tL._SL1100_.jpg,4.4 ,3,https://www.amazon.in/KEKEMI-Stuffed-Plush-Teddy-Inches/dp/B0827G5M76?th=1,Multi_1 ~|~ Multi_10 ~|~ Multi_11 ~|~ Multi_12 ~|~ Multi_13 ~|~ Multi_14 ~|~ Multi_15 ~|~ Multi_16 ~|~ Multi_17 ~|~ Multi_18 ~|~ Multi_19 ~|~ Multi_2 ~|~ Multi_20 ~|~ Multi_21 ~|~ Multi_22 ~|~ Multi_23 ~|~ Multi_24 ~|~ Multi_25 ~|~ Multi_26 ~|~ Multi_27 ~|~ Multi_28 ~|~ Multi_29 ~|~ Multi_3 ~|~ Multi_30 ~|~ Multi_31 ~|~ Multi_32 ~|~ Multi_34 ~|~ Multi_35 ~|~ Multi_4 ~|~ Multi_5 ~|~ Multi_6 ~|~ Multi_7 ~|~ Multi_8 ~|~ Multi_9,Multi_10,,0,"['https://m.media-amazon.com/images/I/41rcs870FxL._SL1500_.jpg', 'https://m.media-amazon.com/images/I/51YKAoBTmgL._SL1500_.jpg', 'https://m.media-amazon.com/images/I/51W+vNVNGLL._SL1500_.jpg', 'https://m.media-amazon.com/images/I/41L-MOTQxBL._SL1500_.jpg']",In stock,2024-08-23T11:10:49Z
Tickles Teddy Bear with Polka Dots Ribbon Bow Soft Stuffed Plush Animal Toy for Kids Baby Girls & Boys Birthday Gifts Valentine's Day (Color: Red and White Size: 25 cm),₹378.00,https://m.media-amazon.com/images/I/81nVHzWEl6L._SL1500_.jpg,5.0 ,1,https://www.amazon.in/Tickles-Stuffed-Birthday-Valentines-Decoration/dp/B08TTH4Y74?th=1,Red & White 3 ~|~ Red 1 ~|~ Red and Blue ~|~ Red and Cream ~|~ Red and White 1 ~|~ Red and White 2 ~|~ Red and White 3 ~|~ White and Red ~|~ red,Red and White 1,20 cm ~|~ 25 ~|~ 25 cm ~|~ 30 ~|~ 35 cm ~|~ 40 cm,0,"['https://m.media-amazon.com/images/I/41JpUS4eCgL._SL1500_.jpg', 'https://m.media-amazon.com/images/I/41tMYb9ZXSL._SL1500_.jpg', 'https://m.media-amazon.com/images/I/41Qxp7q5nfL._SL1500_.jpg']",Only 1 left ,2024-08-23T11:10:55Z
Webby 3 Feet Huggable Teddy Bear with Neck Bow (Beige),₹759.00,https://m.media-amazon.com/images/I/81b0YqTiGIL._SL1500_.jpg,4.0 ,2035,https://www.amazon.in/Webby-Feet-Huggable-Teddy-Beige/dp/B07K2Z2Y6L?th=1,,,,0,"['https://m.media-amazon.com/images/I/41wqWn1z26L._SL1500_.jpg', 'https://m.media-amazon.com/images/I/41nT3iCCrnL._SL1500_.jpg', 'https://m.media-amazon.com/images/I/41IFB7CawHL._SL1500_.jpg', 'https://m.media-amazon.com/images/I/41nbndFmc1L._SL1500_.jpg', 'https://m.media-amazon.com/images/I/41XD5vLEtRL._SL1500_.jpg']",In stock,2024-08-23T11:11:17Z
"HUG 'n' FEEL SOFT TOYS Soft Toys Long Soft Lovable hugable Cute Giant Life Size Teddy Figure Bear Plush & Stuffed Toys (Emoji Pillow, Smiley Emoji) Lovely Teddy Figure",₹384.00,https://m.media-amazon.com/images/I/61yTAzMpqmL._SL1200_.jpg,4.1 ,57,https://www.amazon.in/HUG-FEEL-SOFT-TOYS-Lovable/dp/B09BLB1KCC?th=1,Black ~|~ Blue ~|~ Brown ~|~ Chocolate ~|~ Cream ~|~ Grey ~|~ Multicolor ~|~ Orange ~|~ Panda ~|~ Pink ~|~ Pink;Blue ~|~ Pink;purple ~|~ Purple ~|~ Red ~|~ White ~|~ White;Purple ~|~ Yellow,Yellow,2 feet ~|~ 3 feet ~|~ 4 feet ~|~ 4feetpink27JULY2021 ~|~ 5 feet ~|~ 6 feet ~|~ 7 feet ~|~ Blue Unicorn 32cm ~|~ Pink Unicorn 32cm ~|~ Yellow unicorn 32cm ~|~ Pink Unicorn 100CM ~|~ White Unicorn 100cm ~|~ small monkey_01 ~|~ Small Panda ~|~ Among us_rani pink_red002 ~|~ Among us_sea green_blue002 ~|~ Among us_yellow_orange002 ~|~ BLACK PENGIUN ~|~ BLUE PENGIUN ~|~ BROWEN DOG ~|~ Cool Shade ~|~ ELEPHANT WITH MONKEY ~|~ Elephant Baby ~|~ KANGAROO ~|~ KOALA ~|~ Kissing ~|~ MONKEY ~|~ PANDA ~|~ SHINCHAN ~|~ SMILEY ~|~ TEDDY ~|~ Unicorn ~|~ WHITE DOG ~|~ eye Heart ~|~ octopus ~|~ panda,0,"['https://m.media-amazon.com/images/I/416jLvCvyKL._SL1500_.jpg', 'https://m.media-amazon.com/images/I/51l03DAi5mL._SL1500_.jpg', 'https://m.media-amazon.com/images/I/51DZQMNah0L._SL1500_.jpg']",In stock,2024-08-23T11:11:17Z
SCOOBA Super Soft Sleeping Unicorn Soft Toy Medium Size 65cm Made in India,₹664.00,https://m.media-amazon.com/images/I/41h6q4i0jKL._SX300_SY300_QL70_FMwebp_.jpg,4.2 ,482,https://www.amazon.in/SCOOBA-Sleeping-Unicorn-Medium-Random/dp/B092R4Z739?th=1,,,,0,"['https://m.media-amazon.com/images/I/41h6q4i0jKL._SL1500_.jpg', 'https://m.media-amazon.com/images/I/513weP-0qeL._SL1500_.jpg', 'https://m.media-amazon.com/images/I/41+FOxbVMNL._SL1500_.jpg', 'https://m.media-amazon.com/images/I/41hKAbDedZL._SL1500_.jpg', 'https://m.media-amazon.com/images/I/41iZ1k-vLhL._SL1500_.jpg', 'https://m.media-amazon.com/images/I/416svjxTUmL._SL1500_.jpg', 'https://m.media-amazon.com/images/I/41wxDQ+ghsS._SL1500_.jpg']",In stock,2024-08-23T11:11:53Z
"KEKEMI Non-Toxic Hugable Cute Stuff Teddy Bear Soft Toys for Kids/Gift, Size - 12 Inches (Pack of 2)",₹579.00,https://m.media-amazon.com/images/I/51O21TWUb6L._SL1100_.jpg,5.0 ,1,https://www.amazon.in/KEKEMI-Stuffed-Plush-Teddy-Inches/dp/B0827G153C?th=1,Multi_1 ~|~ Multi_3 ~|~ Multi_4 ~|~ Multi_6 ~|~ Multi_8 ~|~ Multi_9,Multi_3,,0,"['https://m.media-amazon.com/images/I/41SREE7ATbL._SL1500_.jpg', 'https://m.media-amazon.com/images/I/41BscDg40VL._SL1500_.jpg', 'https://m.media-amazon.com/images/I/51QdgX-NH1L._SL1500_.jpg', 'https://m.media-amazon.com/images/I/51U-VYj1TyL._SL1500_.jpg', 'https://m.media-amazon.com/images/I/51hmFJW3d+L._SL1500_.jpg', 'https://m.media-amazon.com/images/I/41FRX-cZvnL._SL1500_.jpg']",In stock,2024-08-23T11:11:53Z
HUG 'n' FEEL SOFT TOYS Big Teddy Bear Wearing I Love My Wife T-Shirt 5 Feet Blue_T Shirt_I Love My Wife Plush & Stuffed Toys,"₹2,065.00",https://m.media-amazon.com/images/I/71I70d8J4sL._SL1500_.jpg,4.0 ,195,https://www.amazon.in/HUG-FEEL-SOFT-TOYS-Wearing/dp/B08BZDVJZM?th=1,Blue ~|~ Brown ~|~ Chocolate&Brown ~|~ Cream ~|~ Pink ~|~ Purple ~|~ Red ~|~ White ~|~ White&black ~|~ Yellow,Blue,3 Feet ~|~ 4 Feet ~|~ 5 Feet ~|~ 6 Feet,0,"['https://m.media-amazon.com/images/I/511c4XYWwwL._SL1500_.jpg', 'https://m.media-amazon.com/images/I/41a-0e2AEUL._SL1500_.jpg', 'https://m.media-amazon.com/images/I/51ndfTq9IYL._SL1500_.jpg', 'https://m.media-amazon.com/images/I/51C-Amwp89L._SL1500_.jpg']",In stock,2024-08-23T11:11:53Z
"KEKEMI Non-Toxic Hugable Cute Stuff Teddy Bear Soft Toys for Kids/Gift, Size - 12 Inches (Pack of 2)",₹579.00,https://m.media-amazon.com/images/I/51Ei9mUbXYL._SL1100_.jpg,5.0 ,1,https://www.amazon.in/KEKEMI-Stuffed-Plush-Teddy-Inches/dp/B0827FVW5N?th=1,Multi_1 ~|~ Multi_3 ~|~ Multi_4 ~|~ Multi_6 ~|~ Multi_8 ~|~ Multi_9,Multi_1,,0,"['https://m.media-amazon.com/images/I/41sLS+VMofL._SL1500_.jpg', 'https://m.media-amazon.com/images/I/41mud5QHqqL._SL1500_.jpg', 'https://m.media-amazon.com/images/I/516K4jr3L4L._SL1500_.jpg', 'https://m.media-amazon.com/images/I/51098ndHgHL._SL1500_.jpg', 'https://m.media-amazon.com/images/I/516K4jr3L4L._SL1500_.jpg']",In stock,2024-08-23T11:12:07Z
FIRSTCRY INTELLISKILLS Intelliskills Super Soft Standing Dinosaur Stuffed Toy For Kids | Plush Toy | Safe For Kids | Teddy Bear For Girls And Boys | Best For Birthday Gifts | Sea Green | Height 29 Cm,₹629.00,https://m.media-amazon.com/images/I/61jYC5bqjWL._SL1500_.jpg,5.0 ,8,https://www.amazon.in/Intelliskills-Standing-Dinosaur-Certified-Birthday/dp/B0CB7VLSHH?th=1,,,,0,"['https://m.media-amazon.com/images/I/41kDaGFJKKL._SL1500_.jpg', 'https://m.media-amazon.com/images/I/91N7WlCN4YL._SL1500_.jpg', 'https://m.media-amazon.com/images/I/51fk5QwkXfL._SL1500_.jpg', 'https://m.media-amazon.com/images/I/51BJBn7ar5L._SL1500_.jpg', 'https://m.media-amazon.com/images/I/5136zO0a4HL._SL1500_.jpg', 'https://m.media-amazon.com/images/I/51j1dnENOFL._SL1500_.jpg', 'https://m.media-amazon.com/images/I/51iv7jky4lL._SL1500_.jpg']",In stock,2024-08-23T11:12:10Z
"GUND Slouchers Teddy Bear Stuffed Animal Plush, Gray, 20""","₹7,452.00",https://m.media-amazon.com/images/I/81NnCYK7KYL._SL1500_.jpg,4.4 ,355,https://www.amazon.in/Slouchers-Teddy-Stuffed-Animal-Plush/dp/B00IUEMZM4?th=1,,,,0,"['https://m.media-amazon.com/images/I/51vBsQPxXzL._SL1500_.jpg', 'https://m.media-amazon.com/images/I/51zxaq8kskL._SL1500_.jpg', 'https://m.media-amazon.com/images/I/51zf-9o7QcL._SL1500_.jpg']",Only 1 left ,2024-08-23T11:12:14Z
HUG 'n' FEEL SOFT TOYS Unicorn Soft Toys | Soft Toys Girls Big Size | Teddy Bear Big Size | Birthday Gift Boy Plush & Stuffed Toys,₹494.00,https://m.media-amazon.com/images/I/51Mla1ULQFS._SL1500_.jpg,4.0 ,459,https://www.amazon.in/HUG-FEEL-SOFT-TOYS-Birthday/dp/B0974MGM43?th=1,Beige ~|~ Blue ~|~ Brown ~|~ Grey ~|~ Multicolor ~|~ Pink ~|~ Purple ~|~ Rani pink;Red ~|~ Red ~|~ Turtle ~|~ White ~|~ Yellow,Yellow,18 cm ~|~ 18cm ~|~ 25cm ~|~ 35cm ~|~ 40 cm ~|~ 40cm ~|~ 45cm ~|~ 52cm ~|~ 55 cm ~|~ 60cm ~|~ 65 cm ~|~ 91cm ~|~ 100 cm ~|~ 110 cm ~|~ 121cm ~|~ 182cm ~|~ New soft toy,0,"['https://m.media-amazon.com/images/I/318XJUPjtrS._SL1500_.jpg', 'https://m.media-amazon.com/images/I/41V9ogJ9WaS._SL1500_.jpg', 'https://m.media-amazon.com/images/I/31ArbwLFRvS._SL1500_.jpg', 'https://m.media-amazon.com/images/I/4149Aa1ShZS._SL1500_.jpg', 'https://m.media-amazon.com/images/I/51sPrAXYYgL._SL1500_.jpg', 'https://m.media-amazon.com/images/I/51DZQMNah0L._SL1500_.jpg']",In stock,2024-08-23T11:12:17Z
Puku Traders Unicorn Stuffed Toys for Girls Playing Teddy Bear in Size of 25 cm Long,₹165.00,https://m.media-amazon.com/images/I/31+-r8nYXML._SY300_SX300_.jpg,4.8 ,5,https://www.amazon.in/Traders-Unicorn-Stuffed-Girls-Playing/dp/B08NVFM959?th=1,,,,0,"['https://m.media-amazon.com/images/I/31+-r8nYXML._SL1500_.jpg', 'https://m.media-amazon.com/images/I/31HjSOoiUaL._SL1500_.jpg', 'https://m.media-amazon.com/images/I/31g02qznxpL._SL1500_.jpg', 'https://m.media-amazon.com/images/I/31bggDE1QhL._SL1500_.jpg', 'https://m.media-amazon.com/images/I/31xtIFmLU5L._SL1500_.jpg']",In stock,2024-08-23T11:12:18Z
